job_title,company_name
Senior Python Developer,Luxorian System
L2/L3 Test Automation/Python Test Engineer,Inspirisys
Python Developer,Reizend It Consultants
Lead - Python Developer,Dreambig It Solutions India
Senior Software Engineer (Python Developer),ICON plc
ADH (Azure Data) Developer with Python For Infosys / CTH - Remote,Orcapod Consulting Services
Lead Engineer Python,Quality Engineering  Software Technologies Pvt. Ltd.
Senior Software Engineer (Python Developer),Nissan Technical Centre
Python Django Developer,Signal Resource Management
Senior Python Django Developer,Techfaya
Lead Software Developer - Python,Kennedys
Lead Software Developer - Python,Kennedys
Python Developer,Hirenomix Info Solutions
Python Lead,Axcess Consultancy Services
Python LeadÂ Kochi,Axcess Consultancy Services
Python Django Developer,Signal Resource Management
Python Developer,Mindcrest Staffing
Senior Python Developer,CONNECTING 2 WORK
Senior Python Developer,Logicplum
Python Developer,Virtus Innovative Solutions
Software Engineer Intern - Python,Logicplum
Python Developer,TechVantage
Python Developer,Xpetize
Python Developer,CONNECTING 2 WORK
Python Developer,Skillety
Python Developer,Agilite Group Technologies
Python Developer,Ecesis Bpo Services
Python Developer,Zoondia Software
Python Developer,Logicplum
Python Developer,CONNECTING 2 WORK
Python Django Developer,Techfaya
Python Developer,CONNECTING 2 WORK
Python Developer,Reflections Info Systems
Mid Python Developer,Reflections Info Systems
Python Developer,Rarr Technologies
Python Developer,CONNECTING 2 WORK
Python Developer,Zoondia Software
Lead Python Developer,Logicplum
Python Developer,Logicplum
Python Developer,Logicplum
Python Developer,CONNECTING 2 WORK
Python Developer,CONNECTING 2 WORK
Python Developer,Leadferry
Lead - Python Developer,Dreambig It Solutions India
Playbook Developer ( PYTHON ),Cyberproof
Python Django Developer,Labglo
Python Django Developer,CONNECTING 2 WORK
Python/ Django Developer,CONNECTING 2 WORK
"Python , Django Developer",Faya
Python/Django developer,CONNECTING 2 WORK
Python Developer - Django/Flask Frameworks,Forte Recruitment Consultants
Software Engineer/Senior Software Engineer [ Python/Django/MySQL ],Citrus Informatics
Python lead- Remote,Auga Tech- client
Python Lead,Tata Elxsi
Senior Python Django Developer,TechVantage
Backend Engineer (Python),Logicplum
Machine Learning Engineer - Deep Learning / Python,Hiringsign
Python Developer,Vanilla Networks
Python Lead,Excellent Opportunity Placements
Python Developer Lead,Headsmart Solutions
Lead Python Django Developer,CONNECTING 2 WORK
Python Lead,SureEvents
Golang / Python Lead,Agilite Group Technologies
Python Lead,HRALWAYS
DevOps Engineer and Python Developer,Netwalk Technologies (India)
Python Developer - Technical Trainer,TeamPlus Staffing Solution Pvt Ltd
Data Engineer - ETL Developer,Quantiphi Analytics Solutions
Python / REST API Developer,Alokin Software
Python Lead,Feham Hr Solutions
Python | Data Modelling,Allianz Technology
ETL Developer with Matillion,TeamPlus Staffing Solution Pvt Ltd
AWS DATA Engineer / ETL Developer,Allianz Technology
Senior Software Engineer - C Developer,Quality Engineering  Software Technologies Pvt. Ltd.
Senior Software Engineer (RPA Developer),ICON plc
Python Trainee Engineer,Labglo
"Internship Trainee in Python, Dot Net and JAVA",SMEC Automation
Python Development Intern,Galtech
DevOps Lead / Senior Developer,Tata Elxsi
Backend Developer,Igds Technologies
Validation - Engineer/Senior Engineer/Specialist/Lead,Tata Elxsi
Full Stack Developer,Adithya Infosoft
Full Stack Developer,Twinsway Technology
Senior Software Engineer (RPA Developer),Icon Plc
Full Stack Developer,Signal Resource Management
Data Engineer,VEGA Intellisoft Private Limited
Senior Odoo Developer,Pit Solutions Pvt Ltd
Sr. Full Stack Developer,Aot Technologies
Python Business Analyst For Trivandrum,Kenan Management Consultants Private Limited
AWS Developer,Tekskills India
Hadoop Developer,Sightspectrum
software developer,Talent Zone Consultant
Tech Lead - Python - Remote,Auga Tech- Client
Python AWS,Alliance Recruitment Agency
Python Lead in Development,VEGA Intellisoft Private Limited
PHP / Python,Techversant
Embedded Testing Engineer,Tata Elxsi
Front-End Developer,Info Origin
Odoo Technical Leads  and Sr Odoo Developers,Socius Innovative Global Brains
Ui Path Developer / Sr Developer,Fournxt
